{"testing_bot": "simple_bot", "Play_against_self": false, "score_0": -37.35, "score_1": -27.750000000000004, "score_2": -29.4, "score_3": -27.55, "score_4": -26.9, "score_5": -25.300000000000004, "score_6": -26.8, "score_7": -24.65, "score_8": -24.699999999999996, "score_9": -23.55, "score_10": -23.799999999999997, "score_11": -21.250000000000004, "score_12": -22.2, "score_13": -21.049999999999997, "score_14": -22.449999999999996, "score_15": -22.049999999999997, "score_16": -20.099999999999998, "score_17": -18.249999999999996, "score_18": -17.900000000000002, "score_19": -17.099999999999998, "score_20": -19.349999999999998, "score_21": -20.099999999999998, "score_22": -19.750000000000004, "score_23": -19.15, "score_24": -20.1, "mean": -23.142000000000003}