{"testing_bot": "random_with_attack", "Play_against_self": true, "score_0": 0.5, "score_1": 1.1999999999999993, "score_2": 2.0999999999999996, "score_3": 3.5999999999999996, "score_4": 2.0, "score_5": 4.1, "score_6": 6.300000000000001, "score_7": 0.5999999999999996, "score_8": 4.299999999999999, "score_9": 3.9999999999999982, "score_10": 2.5999999999999996, "score_11": 2.4000000000000004, "score_12": 1.5999999999999996, "score_13": 10.100000000000001, "score_14": 6.800000000000001, "score_15": 6.300000000000001, "score_16": 8.8, "score_17": 4.6, "score_18": 6.800000000000001, "score_19": 3.700000000000001, "score_20": 4.700000000000001, "score_21": 7.800000000000001, "score_22": 7.199999999999999, "score_23": 6.5, "score_24": 1.5, "score_25": -1.799999999999999, "score_26": 4.0, "score_27": 2.5, "score_28": 3.8000000000000007, "score_29": 5.0, "score_30": 5.799999999999999, "score_31": 4.800000000000001, "score_32": 0.8000000000000007, "score_33": 5.699999999999999, "score_34": 1.0, "score_35": 6.299999999999999, "score_36": 3.3999999999999986, "score_37": 4.699999999999999, "score_38": 4.600000000000001, "score_39": 6.899999999999999, "score_40": 4.4, "score_41": 4.800000000000001, "score_42": 4.700000000000001, "score_43": 1.5, "score_44": 4.399999999999999, "score_45": 0.6999999999999993, "score_46": 1.9000000000000004, "score_47": 1.299999999999999, "score_48": 1.0999999999999996, "score_49": -3.0999999999999996, "score_50": 1.200000000000001, "score_51": 6.300000000000001, "score_52": 4.399999999999999, "score_53": 1.8000000000000007, "score_54": 5.600000000000001, "score_55": 3.4000000000000004, "score_56": 3.0999999999999996, "score_57": 7.199999999999999, "score_58": 3.299999999999999, "score_59": 0.3000000000000007, "mean": 3.765}