{"testing_bot": "simple_bot", "Play_against_self": true, "score_0": -27.1, "score_1": -28.050000000000004, "score_2": -32.75, "score_3": -31.65, "score_4": -25.349999999999998, "score_5": -24.300000000000004, "score_6": -22.85, "score_7": -24.849999999999998, "score_8": -14.7, "score_9": -13.900000000000002, "score_10": -14.0, "mean": -23.59090909090909}