{"score_0": -20.299999999999997, "score_1": -21.499999999999996, "score_2": -19.3, "score_3": -19.299999999999997, "score_4": -20.4, "score_5": -22.800000000000004, "score_6": -22.000000000000004, "score_7": -20.0, "score_8": -20.900000000000002, "score_9": -21.900000000000002, "score_10": -20.599999999999998, "score_11": -20.1, "score_12": -22.1, "score_13": -21.5, "score_14": -18.900000000000002, "score_15": -22.0, "score_16": -19.8, "score_17": -19.7, "score_18": -20.599999999999998, "score_19": -23.1, "mean": -20.840000000000003}