{"score_0": -39.0, "score_1": -35.2, "score_2": -36.400000000000006, "score_3": -37.099999999999994, "score_4": -36.2, "score_5": -34.6, "score_6": -37.8, "score_7": -36.3, "score_8": -36.599999999999994, "score_9": -36.2, "score_10": -35.5, "score_11": -34.0, "score_12": -34.2, "score_13": -34.6, "score_14": -35.0, "score_15": -38.0, "score_16": -36.0, "score_17": -37.2, "score_18": -36.099999999999994, "score_19": -36.5, "mean": -36.12500000000001}