filename,action_size,activation,epsilon_decay,layers.0,layers.1,layers.2,layers.3,learning_rate,memory_size,mini_batch_size,momentum,output_activation,reg_const,state_size.0,testing_bot,Play_against_self,score_0,score_1,score_2,score_3,score_4,score_5,score_6,score_7,score_8,score_9,score_10,score_11,score_12,score_13,score_14,score_15,score_16,score_17,score_18,score_19,mean,layers.4
20211110211003,10,relu,0.99,128,64,32,16,0.001,10000,1000,0.99,tanh,0.0,6,sfpar,True,-45.4,-44.800000000000004,-44.699999999999996,-42.7,-39.7,-40.5,-41.1,-42.0,-40.199999999999996,-44.2,-40.4,-38.6,-42.1,-41.5,-39.5,-40.9,-38.2,-40.8,-40.199999999999996,-35.7,-41.160000000000004,
20211111173033,10,relu,0.99,256,128,64,32,0.001,10000,1000,0.99,tanh,0.0,6,sfpar,True,-46.0,-44.699999999999996,-44.1,-42.9,-40.1,-41.4,-40.8,-42.4,-39.1,-41.4,-39.3,-39.4,-40.1,-37.4,-39.2,-40.6,-40.699999999999996,-38.0,-44.1,-45.300000000000004,-41.35,16.0
20211111175441,10,relu,0.99,256,128,64,32,0.001,10000,1000,0.99,linear,0.0,6,sfpar,True,-47.300000000000004,-45.800000000000004,-44.6,-45.3,-41.9,-41.3,-44.6,-36.6,-39.199999999999996,-38.1,-44.800000000000004,-40.0,-39.2,-40.300000000000004,-40.6,-40.9,-39.300000000000004,-38.5,-38.5,-40.9,-41.385,16.0
20211111182947,10,relu,0.99,256,128,64,32,0.001,10000,1000,0.99,tanh,0.0,6,,,,,,,,,,,,,,,,,,,,,,,,16.0
20211111183740,10,relu,0.99,256,128,64,32,0.001,10000,1000,0.99,tanh,0.0,6,,,,,,,,,,,,,,,,,,,,,,,,16.0
20211111183835,10,relu,0.99,256,128,64,32,0.001,10000,1000,0.99,tanh,0.0,6,sfpar,True,-46.5,-47.5,-46.5,-45.6,-43.5,-43.3,-44.8,-47.0,-41.6,-46.0,-46.1,-47.099999999999994,-41.5,-44.4,-46.6,-42.4,-45.8,-44.9,-43.800000000000004,-45.4,-45.01499999999999,16.0
20211111190032,10,relu,0.99,256,128,64,32,0.001,10000,1000,0.99,linear,0.0,6,sfpar,True,-46.4,-46.6,-44.7,-43.9,-42.3,-41.199999999999996,-40.8,-37.5,-40.5,-36.4,-43.3,-34.8,-35.400000000000006,-36.599999999999994,-42.1,-43.6,-45.5,-36.0,-44.7,-42.0,-41.215,16.0
