{"score_0": -36.7, "score_1": -31.5, "score_2": -31.900000000000002, "score_3": -32.199999999999996, "score_4": -30.599999999999998, "score_5": -31.800000000000004, "score_6": -31.7, "score_7": -30.8, "score_8": -31.799999999999997, "score_9": -30.0, "score_10": -32.2, "score_11": -31.700000000000003, "score_12": -33.099999999999994, "score_13": -34.099999999999994, "score_14": -31.4, "score_15": -31.700000000000003, "score_16": -35.9, "score_17": -30.9, "score_18": -34.5, "score_19": -30.4, "mean": -32.245}