{"testing_bot": "simple_bot", "Play_against_self": true, "score_0": -31.75, "score_1": -32.150000000000006, "score_2": -32.6, "score_3": -31.999999999999996, "score_4": -30.749999999999996, "score_5": -30.049999999999997, "score_6": -30.349999999999998, "score_7": -27.949999999999996, "score_8": -24.25, "score_9": -27.849999999999998, "score_10": -26.95, "score_11": -22.400000000000002, "score_12": -23.349999999999998, "score_13": -22.7, "score_14": -21.95, "score_15": -22.999999999999996, "mean": -27.503124999999997}