{"testing_bot": "Simple", "Play_against_self": true, "score_0": -26.099999999999998, "score_1": -15.799999999999997, "score_2": -8.799999999999997, "score_3": -4.800000000000001, "score_4": -3.200000000000003, "score_5": -1.8999999999999986, "score_6": -4.199999999999999, "score_7": -1.3999999999999986, "score_8": -3.8000000000000007, "score_9": -2.3999999999999986, "score_10": -2.5, "score_11": -2.400000000000002, "score_12": -4.199999999999999, "score_13": -2.400000000000002, "score_14": -1.8000000000000007, "score_15": -3.700000000000003, "score_16": -3.3999999999999986, "score_17": -3.0, "score_18": -1.1999999999999993, "score_19": -2.8999999999999986, "mean": -4.995}